{
    "Drought Stress": {
        "precision": 1.0,
        "recall": 0.8333333333333334,
        "f1-score": 0.9090909090909091,
        "support": 6.0
    },
    "Flood Damage": {
        "precision": 1.0,
        "recall": 0.8571428571428571,
        "f1-score": 0.9230769230769231,
        "support": 7.0
    },
    "Healthy": {
        "precision": 0.7777777777777778,
        "recall": 1.0,
        "f1-score": 0.875,
        "support": 7.0
    },
    "Pest Attack": {
        "precision": 1.0,
        "recall": 1.0,
        "f1-score": 1.0,
        "support": 8.0
    },
    "accuracy": 0.9285714285714286,
    "macro avg": {
        "precision": 0.9444444444444444,
        "recall": 0.9226190476190477,
        "f1-score": 0.926791958041958,
        "support": 28.0
    },
    "weighted avg": {
        "precision": 0.9444444444444444,
        "recall": 0.9285714285714286,
        "f1-score": 0.9300387112887113,
        "support": 28.0
    }
}