{
    "accuracy": [
        0.2931034564971924,
        0.6206896305084229,
        0.7844827771186829,
        0.7931034564971924,
        0.8448275923728943,
        0.9137930870056152,
        0.9224137663841248,
        0.9396551847457886,
        0.9482758641242981,
        0.9568965435028076,
        0.9655172228813171,
        0.9741379022598267,
        0.9655172228813171,
        0.9741379022598267,
        0.9655172228813171,
        0.9741379022598267,
        0.9913793206214905,
        0.9913793206214905,
        0.982758641242981,
        0.9913793206214905,
        0.982758641242981,
        0.9482758641242981,
        0.9913793206214905,
        0.982758641242981,
        0.982758641242981,
        1.0,
        0.982758641242981,
        1.0,
        0.9913793206214905,
        1.0,
        0.9913793206214905,
        1.0,
        1.0,
        1.0,
        1.0
    ],
    "loss": [
        1.4732402563095093,
        1.0684123039245605,
        0.8561676144599915,
        0.7678167223930359,
        0.5965304970741272,
        0.5209363698959351,
        0.4704292118549347,
        0.3915126919746399,
        0.3651044964790344,
        0.29235684871673584,
        0.2715626060962677,
        0.22730642557144165,
        0.20829327404499054,
        0.22460460662841797,
        0.1943969577550888,
        0.1626729518175125,
        0.14400169253349304,
        0.13733157515525818,
        0.16439460217952728,
        0.129522904753685,
        0.10900270193815231,
        0.1539025455713272,
        0.10344995558261871,
        0.09383926540613174,
        0.08893141895532608,
        0.10562910884618759,
        0.08071406185626984,
        0.08234457671642303,
        0.06700613349676132,
        0.07714462280273438,
        0.07931847125291824,
        0.05744136497378349,
        0.05510370805859566,
        0.05412186309695244,
        0.03125714138150215
    ],
    "val_accuracy": [
        0.4285714328289032,
        0.6071428656578064,
        0.6785714030265808,
        0.7857142686843872,
        0.7857142686843872,
        0.8214285969734192,
        0.8214285969734192,
        0.8571428656578064,
        0.8571428656578064,
        0.8571428656578064,
        0.8571428656578064,
        0.8571428656578064,
        0.8571428656578064,
        0.8928571343421936,
        0.8928571343421936,
        0.9285714030265808,
        0.9285714030265808,
        0.9285714030265808,
        0.9285714030265808,
        0.9285714030265808,
        0.9285714030265808,
        0.9285714030265808,
        0.9285714030265808,
        0.9285714030265808,
        0.9285714030265808,
        0.9285714030265808,
        0.9285714030265808,
        0.9285714030265808,
        0.9285714030265808,
        0.9285714030265808,
        0.9285714030265808,
        0.9285714030265808,
        0.9285714030265808,
        0.9285714030265808,
        0.9285714030265808
    ],
    "val_loss": [
        1.2907763719558716,
        1.0335694551467896,
        0.8908891677856445,
        0.7731426358222961,
        0.6890689134597778,
        0.6044126749038696,
        0.55708909034729,
        0.5183128714561462,
        0.458028107881546,
        0.43183237314224243,
        0.4064241945743561,
        0.38394781947135925,
        0.36897024512290955,
        0.34426766633987427,
        0.3333738446235657,
        0.31939777731895447,
        0.3114171028137207,
        0.29564109444618225,
        0.2836812138557434,
        0.26907625794410706,
        0.26813891530036926,
        0.2681236267089844,
        0.2584937512874603,
        0.25264614820480347,
        0.2552490532398224,
        0.256391316652298,
        0.2518424689769745,
        0.2653444707393646,
        0.2578873932361603,
        0.250440388917923,
        0.23786036670207977,
        0.22818715870380402,
        0.22637903690338135,
        0.2173433154821396,
        0.21334905922412872
    ],
    "learning_rate": [
        9.999999747378752e-05,
        9.999999747378752e-05,
        9.999999747378752e-05,
        9.999999747378752e-05,
        9.999999747378752e-05,
        9.999999747378752e-05,
        9.999999747378752e-05,
        9.999999747378752e-05,
        9.999999747378752e-05,
        9.999999747378752e-05,
        9.999999747378752e-05,
        9.999999747378752e-05,
        9.999999747378752e-05,
        9.999999747378752e-05,
        9.999999747378752e-05,
        9.999999747378752e-05,
        9.999999747378752e-05,
        9.999999747378752e-05,
        9.999999747378752e-05,
        9.999999747378752e-05,
        9.999999747378752e-05,
        9.999999747378752e-05,
        9.999999747378752e-05,
        9.999999747378752e-05,
        9.999999747378752e-05,
        9.999999747378752e-05,
        9.999999747378752e-05,
        9.999999747378752e-05,
        9.999999747378752e-05,
        9.999999747378752e-05,
        9.999999747378752e-06,
        9.999999747378752e-06,
        9.999999747378752e-06,
        9.999999747378752e-06,
        9.999999747378752e-06
    ]
}