{
    "train_loss": [
        0.5372774694763045,
        0.3193652786754083,
        0.31878806266274284,
        0.304989575798681,
        0.2801085046848984,
        0.2712480598065929,
        0.3216014332201405,
        0.26155865656806554,
        0.25471027057939144,
        0.2592625933588002
    ],
    "train_acc": [
        77.38275340393344,
        87.5945537065053,
        88.8804841149773,
        88.12405446293495,
        89.56127080181543,
        91.07413010590015,
        88.35098335854765,
        90.16641452344932,
        90.92284417549168,
        90.69591527987897
    ],
    "val_loss": [
        0.15674205521742504,
        0.18174426754315695,
        0.0509474424024423,
        0.053396009405454,
        0.05869632177054882,
        0.07597081065177917,
        0.07845809559027354,
        0.05335821869472663,
        0.05843409771720568,
        0.039598025381565094
    ],
    "val_acc": [
        96.66666666666667,
        93.33333333333333,
        98.33333333333333,
        98.33333333333333,
        98.33333333333333,
        95.0,
        95.0,
        98.33333333333333,
        98.33333333333333,
        98.33333333333333
    ],
    "lr": [
        0.001,
        0.001,
        0.001,
        0.001,
        0.001,
        0.001,
        0.001,
        0.0005,
        0.0005,
        0.0005
    ]
}